date,Close,High,Low,Open,Volume,stockname
2022-01-19,40.7606201171875,41.73111107235863,36.878656296502974,36.878656296502974,129900,CEG
2022-01-20,43.67209243774414,46.94264587926349,39.741604858773,39.741604858773,153400,CEG
2022-01-21,43.67209243774414,48.476023346321824,41.68258674489496,41.73111055162218,329500,CEG
2022-01-24,41.53700637817383,43.67208692376122,40.644156600309806,43.594445881097215,110000,CEG
2022-01-25,40.66162490844727,43.59444766621972,40.11038903190104,41.24586156139284,23500,CEG
2022-01-26,41.94461441040039,43.73031766666053,41.0032371306487,43.681790163974576,90500,CEG
2022-01-27,44.409664154052734,48.15575980588509,42.45897897739933,45.865400576135,151600,CEG
2022-01-28,45.370452880859375,46.19536872511421,42.8471778378558,43.23537200486367,43600,CEG
2022-01-31,46.58356475830078,46.58356475830078,44.64258289337158,44.64258289337158,71300,CEG
2022-02-01,48.31103515625,48.5245443360097,45.66159547975934,46.09831711920921,298800,CEG
2022-02-02,51.44572067260742,54.57070253661282,48.33044579073624,48.55851174321389,23860900,CEG
2022-02-03,52.03771209716797,54.90066050161086,48.8156831579019,50.64991005199952,8425500,CEG
2022-02-04,48.66041564941406,52.72677510000833,48.64100538615507,51.04782249833259,6757800,CEG
2022-02-07,44.71051406860352,48.56336400579511,44.64258000389833,48.52454348249818,9432500,CEG
2022-02-08,44.15733337402344,46.15654584416316,42.8665787752994,43.79825279856699,7277500,CEG
2022-02-09,45.91392517089844,46.04979330266135,42.58514113419139,43.42946716881015,4393100,CEG
2022-02-10,45.66159057617188,47.06880295122173,44.040872746419545,44.167033882611925,2450000,CEG
2022-02-11,46.67090606689453,47.46670828379188,44.70081078629852,45.38015143331172,3456800,CEG
2022-02-14,46.6903190612793,47.55405539343159,45.603370260311294,46.7679564102839,2155000,CEG
2022-02-15,46.58356475830078,47.02028641833567,45.80717275275492,46.29241821898722,2359800,CEG
2022-02-16,45.80717086791992,47.0396947456906,45.56454814478701,46.31182657629186,5855300,CEG
2022-02-17,43.95354080200195,45.69072068024917,43.85648947515236,44.95314540471055,3142600,CEG
2022-02-18,44.06999588012695,44.54553809602321,43.477995781571565,43.81766985067727,2018700,CEG
2022-02-22,42.25516891479492,44.332018565363136,42.2066451168349,44.06998561382484,2611100,CEG
2022-02-23,41.81845474243164,42.69189806906913,40.93530813533335,42.400747825437215,2791200,CEG
2022-02-24,43.15336608886719,43.41625933521796,41.10864579184983,42.01416573563033,2447900,CEG
2022-02-25,42.75415802001953,43.74730903125304,42.58863470862216,43.13389146549171,2040700,CEG
2022-02-28,44.76966857910156,45.392821272678,41.34232505014813,42.16021388903796,5534900,CEG
2022-03-01,46.53202438354492,46.785178767422174,44.15625014365502,44.41914337746003,4212900,CEG
2022-03-02,48.15806198120117,48.975950783492834,46.08413271212253,46.7364944983056,3517100,CEG
2022-03-03,48.21648406982422,49.00516375380631,46.29541982123647,48.50858641838996,2072200,CEG
2022-03-04,49.65752410888672,49.69647207804704,46.97991251478008,47.87569351977093,2544600,CEG
2022-03-07,50.29042053222656,51.19594047531805,48.557272877708726,49.71595093084898,2726900,CEG
2022-03-08,50.94278335571289,53.86381452846837,49.51147689249208,49.83279210435112,3873700,CEG
2022-03-09,49.97883987426758,52.2669792324044,49.25831729340912,51.05961817413105,3050600,CEG
2022-03-10,49.96910095214844,50.280677280098814,47.97306394050292,49.2388432370867,2692700,CEG
2022-03-11,48.02174758911133,50.47541398521781,47.01886150430712,50.0664677287253,3034100,CEG
2022-03-14,49.60884094238281,50.494886811114135,47.31096276476328,50.494886811114135,2916600,CEG
2022-03-15,49.93989562988281,50.23199799526438,48.586485155997856,49.98857873839923,2117400,CEG
2022-03-16,50.40725326538086,51.02067074881035,49.02463014399975,50.34883131457909,2989800,CEG
2022-03-17,49.64779281616211,51.32251476255846,49.56989687181281,50.51436476849128,2244600,CEG
2022-03-18,47.71990585327149,50.05673202721424,47.59333052360933,49.31673917689263,9663900,CEG
2022-03-21,47.92438125610352,48.12885252668664,47.320698865406406,47.62254006075496,2452000,CEG
2022-03-22,49.79383850097656,50.679884374632245,48.69358251029991,49.02463282102197,3841900,CEG
2022-03-23,49.64779281616211,50.40725970215252,49.36542558932048,49.36542558932048,2396200,CEG
2022-03-24,51.03041458129883,51.19594161297563,49.43066165581257,49.83279224285444,2335200,CEG
2022-03-25,52.38382339477539,52.40329738106097,50.6604146084739,50.86488960733096,2441200,CEG
2022-03-28,55.28538131713867,55.353538413011165,52.627243435262194,52.94855864233234,3127000,CEG
2022-03-29,54.84722900390625,55.87932428084483,53.1919773063934,55.49959083259135,2201300,CEG
2022-03-30,55.986427307128906,56.268794527584085,54.23380945602321,54.69143511873428,1934100,CEG
2022-03-31,54.76932907104492,57.52483665427504,54.31169971068079,56.80431406865595,3817600,CEG
2022-04-01,56.49274444580078,56.76537283875416,54.23381392460147,54.87644064676535,2156500,CEG
2022-04-04,56.84326553344727,57.15484188306556,56.01563783691869,56.82379154731074,1885100,CEG
2022-04-05,57.44695281982422,58.73220638237929,56.91143112114021,57.10616729728447,2143100,CEG
2022-04-06,58.03114700317383,58.49851522601573,56.83352475356344,57.34957608295218,2559400,CEG
2022-04-07,59.306671142578125,59.462459327721845,57.78773355171436,58.18694100828785,3925800,CEG
2022-04-08,62.33478927612305,63.19162966675774,59.29692222878888,59.60849852668379,4762100,CEG
2022-04-11,59.08272171020508,62.9599057921657,58.81982846980544,62.49059127094533,3487700,CEG
2022-04-12,60.241397857666016,61.54612524921248,59.27745966113819,59.39429986677846,2553000,CEG
2022-04-13,62.51005935668945,62.850852243698526,60.12455371902103,60.40692093560709,3405700,CEG
2022-04-14,60.90349197387695,63.016372869257815,60.544205687453065,62.4321681898224,1860100,CEG
2022-04-18,61.64348983764648,62.48084890546178,60.65033889010795,60.65033889010795,1216800,CEG
2022-04-19,64.95399475097656,65.1292569161395,61.22481360175009,61.95507138516792,2078800,CEG
2022-04-20,63.68820190429688,66.87212171426665,63.35228222578908,66.03475908709382,2182800,CEG
2022-04-21,61.02033615112305,64.5547884353294,60.51402737683796,63.28900535676764,2493700,CEG
2022-04-22,60.78666305541992,62.75933385648104,60.650348852553925,60.85482015685293,2030500,CEG
2022-04-25,60.63086700439453,61.18586259513447,57.87535932205153,60.71849808263152,2261600,CEG
2022-04-26,58.37193298339844,60.582180071081176,58.33298501457906,60.173233827043184,2136500,CEG
2022-04-27,58.50825119018555,59.57929440651554,58.15772687523159,58.43035524718111,1991600,CEG
2022-04-28,59.696136474609375,59.73508073062404,57.25220519553995,58.63482842683989,3354600,CEG
2022-04-29,57.65141296386719,60.23165844073947,57.59299472234049,59.88113413444768,2578400,CEG
2022-05-02,56.66800308227539,58.4108858325961,55.40222370414842,57.73904631431751,2488200,CEG
2022-05-03,58.12852096557617,58.85877875731888,56.911424646005,56.911424646005,2224200,CEG
2022-05-04,60.18297958374024,60.65520983131397,58.26775404005636,58.53746299794748,2628900,CEG
2022-05-05,58.57641220092773,60.35824301635655,57.612470270333205,59.60851122906819,1946800,CEG
2022-05-06,58.68351364135742,59.61824267639072,57.15484103793328,58.67377479129163,2861000,CEG
2022-05-09,56.10326385498047,58.97561155098158,55.0809038179042,58.97561155098158,2193700,CEG
2022-05-10,55.538536071777344,58.29404000571468,55.24156429444525,56.716684331264986,2156200,CEG
2022-05-11,55.85985565185547,57.47615953166968,55.04196671783602,55.6067012335015,1877000,CEG
2022-05-12,52.1907844543457,56.46599461602517,51.8101154134296,55.93891641045217,3785600,CEG
2022-05-13,53.30350875854492,54.56362318005191,52.34695476478682,53.22542089451522,2317500,CEG
2022-05-16,55.236141204833984,55.76322314051841,53.03997019625,53.11805434036929,1631900,CEG
2022-05-17,57.900821685791016,58.05699367976307,54.64072805361961,55.48991303812802,2215100,CEG
2022-05-18,55.909629821777344,58.81345803810917,55.56800472500151,57.9984317813423,4609100,CEG
2022-05-19,55.86082077026367,56.13412081833815,53.60608420334757,55.76321467407533,2181100,CEG
2022-05-20,55.294700622558594,57.52991157942117,54.16245273981909,56.1341227597379,2266200,CEG
2022-05-23,55.24589538574219,56.21221218140947,54.523601292639405,56.12436519998517,1581800,CEG
2022-05-24,55.42159271240234,55.98771856559417,53.75250368746951,55.19709568478866,1682300,CEG
2022-05-25,57.75440979003906,57.920344630874766,55.51919878662289,55.51919878662289,1974700,CEG
2022-05-26,60.975467681884766,61.53475731220785,57.75441396809208,57.764176813018494,3260100,CEG
2022-05-27,65.00666046142578,65.04570439526074,60.51671232657017,60.90714421805086,2793800,CEG
2022-05-31,60.59479522705078,64.80168008190002,59.901778490310086,63.97201703480732,7389300,CEG
2022-06-01,62.12723159790039,62.390768810348405,60.66311776973401,60.8876147765741,2008600,CEG
2022-06-02,62.22484588623047,62.58599669224692,60.497190894812405,62.16627998495995,1758500,CEG
2022-06-03,63.61087417602539,64.24532509575259,61.6099190249825,61.74656907577061,1793500,CEG
2022-06-06,64.80168151855469,65.33852626809387,63.8207278727987,64.0012995399762,2033200,CEG
2022-06-07,64.95785522460938,65.10426065459605,63.60208583610765,63.952490775201895,2721700,CEG
2022-06-08,63.22043991088867,64.87977359653003,61.619679573171055,64.85049250771989,1922200,CEG
2022-06-09,59.74560928344727,62.91785618878107,59.696806229590536,62.72264397335416,1811000,CEG
2022-06-10,58.35958099365234,59.59919787677547,57.7934551646241,58.41814316670065,1540800,CEG
2022-06-13,54.1526985168457,57.57872751910029,53.879398415810094,56.87595157536917,2113200,CEG
2022-06-14,53.13756942749024,55.12876511109547,52.04436548731704,54.68953022155991,2330400,CEG
2022-06-15,56.80762100219727,58.13020346687874,54.34790916279192,54.36743112859286,3891700,CEG
2022-06-16,56.86618423461914,56.95403122064137,54.73834205078998,54.98236104269236,4837000,CEG
2022-06-17,56.71001434326172,58.07652223824118,54.15757767791442,57.14924928975044,6478700,CEG
2022-06-21,58.93547058105469,59.482070764163865,56.710014744253975,56.710014744253975,4363600,CEG
2022-06-22,57.793453216552734,58.98426700751821,57.45670956257317,57.86177823176216,3233400,CEG
2022-06-23,57.246856689453125,59.76513073649328,56.40743076596164,58.44742967650456,2667600,CEG
2022-06-24,57.86177062988281,58.896412289662095,56.59287286971467,57.43229863021418,6473700,CEG
2022-06-27,57.99843215942383,58.43864262895852,57.02235619263365,57.70561011407364,1718900,CEG
2022-06-28,56.69049835205078,59.452791616939,56.44647934135518,58.40839054903659,1401700,CEG
2022-06-29,55.93891906738281,56.76370078739755,54.97260215163874,56.57336625789918,1412200,CEG
2022-06-30,55.89010238647461,57.426447078705294,55.197089416012176,55.53871820279127,2424400,CEG
2022-07-01,56.22196960449219,56.70024842745583,55.26541568199891,55.363025504763954,1531900,CEG
2022-07-05,53.625606536865234,55.99747118024127,51.62465176374226,55.78273702246017,2696000,CEG
2022-07-06,55.40207290649414,55.85107070266466,53.25470865482293,53.81107168482941,1716600,CEG
2022-07-07,57.69584655761719,58.46694740573088,56.192688790684336,56.192688790684336,1872100,CEG
2022-07-08,58.22293472290039,58.37910673351648,56.04628197250165,57.52991793507172,2096000,CEG
2022-07-11,58.40838241577149,58.70120444314433,57.01259357107903,58.2229293339033,1774700,CEG
2022-07-12,57.81296920776367,59.64799275497819,57.51038436921986,57.9886631497009,1808400,CEG
2022-07-13,58.38886642456055,58.8378604940309,56.758821280574274,56.758821280574274,1577200,CEG
2022-07-14,56.53430938720703,57.55919197115392,55.72416839737742,56.89546011943548,2608600,CEG
2022-07-15,54.32838439941406,55.29079529558035,51.38063473707877,53.64513052530134,5186100,CEG
2022-07-18,53.498722076416016,55.31422014502624,53.28398418428007,54.98235790944758,2583100,CEG
2022-07-19,53.684173583984375,54.17221152565696,52.87402881355956,54.11364563222001,2326200,CEG
2022-07-20,52.77642440795898,54.02092268852808,52.09317052300799,53.84034730387913,2803600,CEG
2022-07-21,52.86427307128906,53.54264555569012,52.03461000680027,52.57145103225974,1816800,CEG
2022-07-22,52.70810317993164,54.26982326625956,52.14197732149128,53.479204101558594,1503100,CEG
2022-07-25,53.64513397216797,53.742743802418126,52.0931730438163,52.68857997632222,1847700,CEG
2022-07-26,54.17222213745117,55.314229357424445,53.57681513622693,54.0746160193702,1993500,CEG
2022-07-27,54.20149612426758,54.42599314517789,52.883795085705295,53.71345815095796,1557200,CEG
2022-07-28,63.04474258422852,64.36245108568188,60.70216251791843,61.082835269413465,8460600,CEG
2022-07-29,64.51861572265625,65.00665367433575,62.11746989401729,62.3224449400985,3895200,CEG
2022-08-01,63.73775100708008,65.00664504488371,62.595736692129485,64.46980783742082,2735200,CEG
2022-08-02,64.26483154296875,65.19210808523275,63.435168544951,63.73775712775211,1722900,CEG
2022-08-03,65.56302642822266,65.76800150490129,63.972025149125095,65.03594446810504,2286700,CEG
2022-08-04,65.84608459472656,66.73431730937178,63.94273941601357,63.94273941601357,2425900,CEG
2022-08-05,72.5224609375,74.16226916768575,68.08131147540983,68.0910743220353,4216800,CEG
2022-08-08,74.07440948486328,75.7727796956981,73.17642132252479,75.16761732175523,3183600,CEG
2022-08-09,73.90846252441406,74.93333767065647,73.22520498005159,73.93774360761134,2945700,CEG
2022-08-10,75.27497100830078,75.35305141541109,73.69372547615205,74.23057016366579,2134600,CEG
2022-08-11,76.94407653808594,78.14464590511595,74.84551154859412,75.27498739208153,2540200,CEG
2022-08-12,79.6927261352539,79.86873490856232,77.28727787351336,77.883751635269,2170800,CEG
2022-08-15,79.39937591552734,80.6021037798742,78.47044527948108,78.47044527948108,1980100,CEG
2022-08-16,79.59495544433594,80.28921028997195,79.10604295077148,79.30160496411222,1878800,CEG
2022-08-17,77.93263244628906,79.64382582148546,77.34593906683537,78.63666748571792,2502200,CEG
2022-08-18,79.79051208496094,80.32342487661134,77.65885345814722,77.65885345814722,1939600,CEG
2022-08-19,79.04736328125,79.47760863511049,78.07931869527602,78.52911726512465,1704000,CEG
2022-08-22,77.88375091552734,78.95935676015588,77.75662891029447,78.95935676015588,1724600,CEG
2022-08-23,77.98152923583984,79.09624893154779,77.83485402109694,78.48999485870908,1065800,CEG
2022-08-24,78.58780670166016,79.02293857678792,77.55130701310038,77.89355176944584,1430200,CEG
2022-08-25,80.90523529052734,80.99324341644336,77.99620751977461,78.23577732121069,1551700,CEG
2022-08-26,79.03759002685547,81.38437132549657,78.81268701289645,80.90523174362997,1641000,CEG
2022-08-29,79.20381927490234,80.17186386606953,77.39484464770318,77.88375711236307,1191200,CEG
2022-08-30,77.92285919189453,79.77094743132743,77.22860449254983,79.77094743132743,1802800,CEG
2022-08-31,79.78073120117188,80.56299411693531,77.80552815617665,78.48022973451732,3016500,CEG
2022-09-01,80.69010925292969,81.1008013897883,79.36027422286658,79.78073177737696,2421100,CEG
2022-09-02,79.27226257324219,81.8341664396724,79.1647012398287,80.74878022810854,2232200,CEG
2022-09-06,80.43588256835938,80.86612047390976,79.282048827624,79.88829552278528,2013300,CEG
2022-09-07,81.06169128417969,82.58709584595555,79.87265278172418,80.76834080989397,1759100,CEG
2022-09-08,83.88761138916016,84.0440595168319,81.03236405218048,81.03236405218048,2184400,CEG
2022-09-09,85.56946563720703,85.86280865353186,83.54047433828417,84.58186032375798,1905300,CEG
2022-09-12,86.17571258544922,86.6939660901271,85.52057164094442,86.59617762420248,1733800,CEG
2022-09-13,84.46452331542969,86.07793610524752,83.8680494509503,84.97299650820537,1974200,CEG
2022-09-14,86.09748840332031,86.56684019381537,84.34718087663055,84.46451509414821,3600300,CEG
2022-09-15,84.87520599365234,86.30282948084589,84.39606641176175,85.93125123691343,3631800,CEG
2022-09-16,83.67247772216797,84.93387275840713,83.01048834455035,84.6894165295285,6245600,CEG
2022-09-19,87.37843322753906,87.7108901109888,83.35957231165018,83.50624753796527,4407400,CEG
2022-09-20,85.80413818359375,88.1802530778556,85.61834905837846,86.44950622262863,4626000,CEG
2022-09-21,85.34457397460938,88.0922601325148,85.29568719548529,86.82109197208565,2155100,CEG
2022-09-22,83.48667907714844,86.04858274922177,82.75331047417211,86.04858274922177,1863300,CEG
2022-09-23,81.99061584472656,82.46974795378037,80.33320294831306,81.92706229958014,2678800,CEG
2022-09-26,81.08123779296875,83.06622111880353,79.839403469686,81.81460645779707,1973300,CEG
2022-09-27,82.10795593261719,83.5209125783296,81.23769239084065,81.83416616130032,1777800,CEG
2022-09-28,83.13468170166016,83.6333745614198,81.33548720715847,82.24486479367876,1564300,CEG
2022-09-29,81.1985855102539,84.29828884058377,80.25009410616018,83.16401576717945,1823700,CEG
2022-09-30,81.34526062011719,82.57731469549333,80.39676921749337,81.43326128541017,3267800,CEG
2022-10-03,84.66985321044922,84.98276433544963,82.01017578985225,83.1444487771314,2026700,CEG
2022-10-04,87.35887145996094,87.48109957032705,85.2272203769794,86.34194014670135,1679100,CEG
2022-10-05,86.21482849121094,87.48600397576286,83.6920381998334,85.73569632989454,1766700,CEG
2022-10-06,84.36674499511719,87.91526998981847,84.04406093482032,86.2735083385152,1677300,CEG
2022-10-07,82.5186538696289,83.84849651022324,81.52127561928963,83.80938261371013,2017200,CEG
2022-10-10,82.8413314819336,83.7311483127548,82.0688488713191,83.06622704413805,982800,CEG
2022-10-11,81.04212188720703,83.42801693805868,80.71944535246679,82.53820019283539,1534200,CEG
2022-10-12,80.33810424804688,81.73638681304436,79.86874497334023,81.2670349985503,1878400,CEG
2022-10-13,81.96128845214844,82.45020093574756,77.54152288290585,78.77357697022268,2746500,CEG
2022-10-14,79.45806121826172,82.88044870229947,78.92025448668501,82.34264197072275,1693300,CEG
2022-10-17,83.3009033203125,84.37650918859823,81.29635934652546,81.37458712681833,1678900,CEG
2022-10-18,84.59164428710938,85.46190795519169,82.6359942536277,84.58186394808237,1598900,CEG
2022-10-19,83.7898178100586,84.31784414965684,82.68487090192798,83.20311690369702,1325800,CEG
2022-10-20,82.68488311767578,84.80676912738244,82.31331228760178,84.45475151564368,2076500,CEG
2022-10-21,85.34457397460938,85.52058279192585,81.8048518688866,82.82178341314452,1749200,CEG
2022-10-24,85.63790893554688,85.76502349043756,83.67247874253535,85.62617402182876,1325000,CEG
2022-10-25,86.19527435302734,86.59617871958183,84.82631787510418,85.55968661754024,1647200,CEG
2022-10-26,86.8113021850586,87.69134617587139,85.39345892112493,87.69134617587139,1370100,CEG
2022-10-27,90.97683715820312,91.07461816429364,87.81357274678237,87.81357274678237,3345800,CEG
2022-10-28,91.67108917236328,93.13978117475286,89.78388671819306,90.83015911753849,1958000,CEG
2022-10-31,92.44356536865234,93.30404858033822,91.30439848430548,92.05243392326356,2276600,CEG
2022-11-01,93.4018325805664,94.1058677128666,91.92042843143976,93.12804279805232,1467400,CEG
2022-11-02,91.0257339477539,94.15477870846352,90.91818005136771,92.58047971846636,1966100,CEG
2022-11-03,92.31645965576172,93.33339106681382,90.11635345760014,90.11635345760014,1484400,CEG
2022-11-04,92.22843933105467,94.07652769627852,90.68836818010531,92.98136118124488,1974300,CEG
2022-11-07,91.42662811279295,92.95203256890436,90.89860177178242,92.95203256890436,2120300,CEG
2022-11-08,85.59879302978516,91.0403910102541,84.17116956453016,87.57399605425798,4345400,CEG
2022-11-09,85.41301727294922,87.92602737209111,84.41563899688214,85.07077999489744,2241500,CEG
2022-11-10,93.03026580810548,93.71474029389069,86.24415821955348,88.49315860464036,4885600,CEG
2022-11-11,90.26301574707033,93.74407752631116,89.57365484999465,93.17693728371084,3133200,CEG
2022-11-14,91.9778060913086,92.76126570589116,90.09751198226004,90.09751198226004,1997000,CEG
2022-11-15,91.5665054321289,92.79065657426968,90.73408414979832,92.55562164703382,2537200,CEG
2022-11-16,89.78412628173828,92.56539361367622,89.39239648905883,92.35973715363498,1384600,CEG
2022-11-17,88.18783569335938,89.56867405257493,87.03223692040714,88.55997488506036,1792500,CEG
2022-11-18,91.37064361572266,91.50774794497858,88.1643449337831,88.25640283246224,2515700,CEG
2022-11-21,91.45879364013672,92.27163191707731,90.84182405912402,92.12473226303808,1744800,CEG
2022-11-22,94.27921295166016,94.36735571154443,92.14429324486537,92.60457523010838,1567600,CEG
2022-11-23,94.62198638916016,95.86572062284355,92.46258204932217,94.04418318304316,1135900,CEG
2022-11-25,95.15080261230467,95.4347990397202,94.01478701614674,94.60237794067288,631700,CEG
2022-11-28,92.84940338134766,94.59259322348537,92.42829513519784,94.08334969102792,1590100,CEG
2022-11-29,92.47726440429688,93.14320285408525,91.3902177072655,92.731889906999,1436200,CEG
2022-11-30,94.13231658935548,94.93535933457754,91.82111893791154,92.19325814660604,3361800,CEG
2022-12-01,92.51644134521484,95.75799094853308,91.93863816190316,94.99412188553212,1748600,CEG
2022-12-02,90.1366958618164,91.55670816759876,89.15737496910431,91.0670477212427,1848700,CEG
2022-12-05,88.1976318359375,89.71558211585587,87.94301379890764,89.12799111033505,2397000,CEG
2022-12-06,88.90274047851562,89.0006710635848,87.94301028456316,88.00176714127973,1237500,CEG
2022-12-07,90.0681381225586,91.27269856191636,88.71667059243768,89.00067453033809,1237200,CEG
2022-12-08,89.51972961425781,91.06215708719714,89.04965228130565,90.42070307482156,1002400,CEG
2022-12-09,87.86467742919922,89.96042367877412,87.83529899595884,89.47076320043183,1384600,CEG
2022-12-12,89.00067901611328,89.03985274796621,87.22811061161443,88.11929620011134,1554100,CEG
2022-12-13,88.96149444580078,90.79282696077468,88.52080309149063,90.07792698852715,1629900,CEG
2022-12-14,88.97130584716797,90.38153039077672,88.02136334052183,89.64703968625147,2561600,CEG
2022-12-15,87.84508514404297,88.9713057169924,87.5806717783161,88.93213198287994,2245100,CEG
2022-12-16,86.3760986328125,86.76782847916235,84.15304352258707,86.32713707178462,3911700,CEG
2022-12-19,85.91580963134766,86.83636602292415,85.20090222174257,86.55236211892345,1238100,CEG
2022-12-20,85.74932861328125,86.29775335321817,85.32332644747638,86.18023216502635,1306600,CEG
2022-12-21,87.7961196899414,88.30536326758761,84.9169138690702,86.17044341862282,1409500,CEG
2022-12-22,85.52410125732422,87.52681082797406,84.74064150042344,87.28687450291203,1548300,CEG
2022-12-23,86.21941375732422,86.40548712102427,85.32822814341937,85.7101627003427,600700,CEG
2022-12-27,85.82768249511719,87.07142421377692,85.46533107479398,86.61114219844421,634400,CEG
2022-12-28,84.8189926147461,86.51321376477043,84.63291923337154,86.13127917156835,752000,CEG
2022-12-29,84.97566223144531,85.87664304273066,84.49579713317766,85.35760421600497,870800,CEG
2022-12-30,84.42724609375,84.80918061174017,83.35978999773256,84.80918061174017,1343300,CEG
2023-01-03,80.21617126464844,84.33911098489524,79.11932926586995,84.22158979771814,4030600,CEG
2023-01-04,81.6851577758789,82.0083279862164,79.60899483094768,80.25534272324799,2612200,CEG
2023-01-05,80.70582580566406,82.18459474415208,80.19168092261059,81.20527400371664,1906300,CEG
2023-01-06,81.77328491210938,83.39896098895746,81.36197197879525,81.89080609518109,1914100,CEG
2023-01-09,82.2629623413086,83.4479398308204,81.85164932279233,82.11606269994532,1301500,CEG
2023-01-10,81.36196899414062,81.76348661289683,79.89298788194243,81.67535133254461,1376700,CEG
2023-01-11,82.37068176269531,82.63020120430322,80.73521764760471,81.28363496245532,1696200,CEG
2023-01-12,82.59591674804688,83.04641091323393,81.05838331528928,82.14543005448495,1496700,CEG
2023-01-13,83.39897155761719,83.93269965574135,81.72432624103182,82.07688236329973,1366200,CEG
2023-01-17,81.64599609375,83.26186979878712,81.28364462671287,82.19441347380496,2763600,CEG
2023-01-18,80.15740966796875,82.76240670201773,80.07906220717966,81.5970125055616,2084900,CEG
2023-01-19,79.16829681396484,80.09865613835929,79.08505543527502,79.91258277915531,1635500,CEG
2023-01-20,81.28363037109375,81.38156096155318,78.78635922044022,79.44250986693113,1795100,CEG
2023-01-23,82.40007019042969,82.54696983804978,80.85078361640446,81.21509265044685,1596200,CEG
2023-01-24,82.17481994628906,82.4882023340546,81.26405121440396,82.26295524052368,1176000,CEG
2023-01-25,81.67536926269531,81.83205673048266,80.78418360594056,81.694952394309,1535200,CEG
2023-01-26,84.10407257080078,84.29014592468674,81.55783983506616,81.90060064094146,2161100,CEG
2023-01-27,84.78961181640625,84.86795928760364,83.08558794018039,84.10408265086821,1455100,CEG
2023-01-30,80.69603729248047,85.05401196526,80.54913767473651,84.14324330119739,3045800,CEG
2023-01-31,83.5948257446289,83.73193006161969,80.67644641520019,81.16610682491726,2509000,CEG
2023-02-01,83.643798828125,84.09428553030297,81.16121684415883,83.68786647394533,2623400,CEG
2023-02-02,83.5654525756836,84.88753427081552,82.02301770500854,83.71235220217056,2389600,CEG
2023-02-03,81.47948455810547,83.39895983014992,81.33259242083759,82.63508335823452,1807200,CEG
2023-02-06,81.53825378417969,82.11604948315107,80.80376316720762,81.29342357852234,1502000,CEG
2023-02-07,84.15304565429688,84.48601117557222,80.62749189109196,81.60681279596142,2032900,CEG
2023-02-08,82.59591674804688,83.24227209421733,82.40005556706348,82.99744188217552,2005900,CEG
2023-02-09,82.67426300048828,83.69275756428804,82.19439788395643,83.17371871780716,1975000,CEG
2023-02-10,85.01483154296875,85.20090487557081,82.42942537206068,82.46859909848345,1350300,CEG
2023-02-13,84.60353088378906,85.49471647790375,84.1628394730101,85.09319132759923,1173500,CEG
2023-02-14,84.28033447265625,85.79044676653777,83.3891565481649,84.14323017658066,2383100,CEG
2023-02-15,84.23138427734375,84.69656016399789,82.61550345961771,82.75260777417631,2030600,CEG
2023-02-16,83.85924530029297,86.10189103978513,83.16882974980147,83.24227582805841,3037600,CEG
2023-02-17,82.80158233642578,84.26076833695717,80.20638054320534,83.43813492300556,3570700,CEG
2023-02-21,78.70802307128906,81.29342963801305,78.24774105488451,79.92237888981082,5056000,CEG
2023-02-22,76.191162109375,77.66993115489888,74.8201114792015,77.66993115489888,3341000,CEG
2023-02-23,77.58180236816406,77.80214807484703,76.38702968279362,76.38702968279362,1584900,CEG
2023-02-24,77.9080810546875,78.04568265238832,76.14884114136552,76.39454596145492,1529100,CEG
2023-02-27,77.0235595703125,78.72383294413603,76.65500229295388,78.05551544792641,1326200,CEG
2023-02-28,73.60336303710938,76.65010245445218,73.12178350782149,76.47319461740291,3584800,CEG
2023-03-01,73.07261657714844,74.094749592614,71.57873447658586,72.85639512218043,2594400,CEG
2023-03-02,74.87117767333984,75.41173131004336,72.7286312107132,72.85639502560835,1949900,CEG
2023-03-03,77.62308502197266,77.83929900673614,74.69427970278785,74.92033148009546,2304600,CEG
2023-03-06,77.44617462158203,77.52479447780739,76.02108193918725,77.01373166991503,2295000,CEG
2023-03-07,76.56163024902344,77.71152710971948,75.99159321612025,77.71152710971948,2203900,CEG
2023-03-08,76.72871398925781,77.10218268002487,75.77537792516794,76.41421206589678,1261600,CEG
2023-03-09,77.28890991210938,78.81228284141503,76.0702160676546,76.69921982597424,3110500,CEG
2023-03-10,76.2176513671875,78.40933454221528,75.91297223875031,77.82947466575268,2895700,CEG
2023-03-13,75.77537536621094,77.25452338411105,75.17585492343788,75.60829786532456,2242400,CEG
2023-03-14,76.59112548828125,77.74102252700612,75.84418055360347,76.16851279477751,2142800,CEG
2023-03-15,76.00142669677734,76.54197287273152,75.03826037670785,75.96211302061971,1957000,CEG
2023-03-16,77.08253479003906,77.6820552934996,74.72376645655865,75.30363386899722,1962900,CEG
2023-03-17,75.45103454589844,77.11200156641364,74.6795252926398,76.38471738216705,3896500,CEG
2023-03-20,75.67708587646484,77.08251777124613,75.58863573891789,75.73605263482949,1629500,CEG
2023-03-21,75.2053451538086,76.76803206443904,74.66479892554901,76.24713892700147,2045700,CEG
2023-03-22,73.14141845703125,75.0186071232774,73.12176536815404,74.95963286001177,1863400,CEG
2023-03-23,72.13895416259766,73.83922773066331,71.51977306697601,73.3871316519199,1655400,CEG
2023-03-24,72.17826080322266,72.25688065831837,69.9374337191765,71.31337491231562,2777200,CEG
2023-03-27,73.9768295288086,74.12917286855941,72.17827532218512,72.17827532218512,3225500,CEG
2023-03-28,74.21269226074219,75.49035293470381,73.5679569993763,73.78024934120492,1752200,CEG
2023-03-29,74.57632446289062,75.24464187497868,74.12914738803624,74.97928396794075,2299500,CEG
2023-03-30,75.50018310546875,76.10953380943641,74.69427152838463,75.37241928777472,1737800,CEG
2023-03-31,77.15132141113281,77.24960184957281,75.41173440596285,75.5001845510638,2984400,CEG
2023-04-03,75.30362701416016,77.20046880361905,75.16603289457802,76.65991512074845,1894900,CEG
2023-04-04,74.71392822265625,75.647611160818,73.82939675262105,75.35276233859491,1316200,CEG
2023-04-05,75.1856918334961,75.79504262356717,74.37978014253382,74.57634104342502,1204800,CEG
2023-04-06,75.63777160644531,75.65743219128878,74.85152067397715,75.29378635484574,1223000,CEG
2023-04-10,76.00142669677734,76.04074037293498,74.55668096583162,75.21516817025869,1485500,CEG
2023-04-11,76.08987426757812,76.47317322423821,75.84908831945285,76.42403675444295,1371500,CEG
2023-04-12,75.4903564453125,76.61076997229316,75.34293953253902,76.59111688336236,1171100,CEG
2023-04-13,75.81468200683594,76.2569477030372,74.86134606341203,75.37241631063468,1324700,CEG
2023-04-14,75.11688995361328,75.31836973801911,74.20286757625126,75.00877921555734,1328400,CEG
2023-04-17,73.75076293945312,75.50509153287638,73.37729429589568,75.2643055975276,1093300,CEG
2023-04-18,73.20039367675781,74.64513192509575,72.89571455780249,74.04561147922777,1235200,CEG
2023-04-19,73.46575164794922,74.10458577063828,73.22299363156299,73.68197312008864,1039300,CEG
2023-04-20,75.15620422363281,75.25448466855403,73.40678680975634,73.4559232830583,1926900,CEG
2023-04-21,75.23482513427734,75.64268857084691,74.65495781177422,75.50018306266578,1178900,CEG
2023-04-24,75.96211242675781,76.00633750022052,74.30114523908883,75.11688714176908,1094300,CEG
2023-04-25,75.60829162597656,75.81468278621328,74.53701465333859,75.323273119464,1722400,CEG
2023-04-26,74.55667114257812,75.64760114268611,74.16354193111574,75.195505173915,3100600,CEG
2023-04-27,75.43138122558594,75.91296058274192,74.67461366434081,74.95962466263585,1865700,CEG
2023-04-28,76.07022094726562,76.13901800342252,74.98912113695013,75.5788112609116,2233400,CEG
2023-05-01,75.72622680664062,76.31591686160937,75.44120832210398,76.18814555918362,1788300,CEG
2023-05-02,75.47069549560547,76.07021587283036,74.64512337847766,75.41172873663785,2554000,CEG
2023-05-03,75.19551849365234,76.26678809887244,74.84170289049479,75.8736588177732,1607000,CEG
2023-05-04,77.2397689819336,78.98919372045339,73.62300097865645,75.65743672965812,3830400,CEG
2023-05-05,78.12430572509766,79.06781137343961,76.93509524651095,77.76066737525787,2359300,CEG
2023-05-08,77.35771942138672,78.47813301496753,76.73854585598178,78.37002227362925,2360100,CEG
2023-05-09,77.59358978271484,77.74101419456707,76.47317624994528,76.6402612491469,3158300,CEG
2023-05-10,78.08991241455078,78.74348817507426,77.3921115833486,78.47812275436908,1629400,CEG
2023-05-11,78.03765106201172,78.46176901710514,77.16968453529473,77.50503729107868,2497400,CEG
2023-05-12,78.75763702392578,79.29025063582802,77.7811824979499,78.36310758640303,1991000,CEG
2023-05-15,79.17190551757812,79.98068764138644,78.09682029661172,79.52698133047198,2048300,CEG
2023-05-16,77.91928100585938,79.09300422901877,77.25844840333455,79.09300422901877,3709100,CEG
2023-05-17,79.29026794433594,79.5269826485135,77.63324996504352,78.00804887374338,2329500,CEG
2023-05-18,80.28646087646484,80.35550298524272,78.47359946308204,79.1719143025892,2849300,CEG
2023-05-19,81.17413330078125,82.09634002791178,80.4146627401835,80.61193124132365,2407100,CEG
2023-05-22,82.38731384277344,82.81143177181363,81.18400215921638,81.59826230562243,1908300,CEG
2023-05-23,82.89033508300781,83.40321818053583,82.0273050686396,82.21963717084067,2232200,CEG
2023-05-24,82.17032623291016,83.21583067004946,81.42072836480307,82.89034322664688,2430300,CEG
2023-05-25,81.61798858642578,82.06182962310926,80.77961800323189,82.06182962310926,1863100,CEG
2023-05-26,82.70292663574219,82.80155712613481,81.18399300361884,81.81523717216048,2267100,CEG
2023-05-30,82.55497741699219,83.88157896358048,81.99771175812737,82.71279222217365,2198200,CEG
2023-05-31,82.87060546875,83.39336140478227,81.3220833252827,82.38731076187827,5214700,CEG
2023-06-01,87.66412353515625,87.9422710273086,83.63007813345713,83.71391443489559,3646900,CEG
2023-06-02,86.34245300292969,87.83179829786076,86.07614239107528,87.44713410298161,3225600,CEG
2023-06-05,86.31285858154297,87.59506996661892,85.98737120089896,86.61861534971071,1819000,CEG
2023-06-06,88.32496643066406,88.66031164682649,85.94793141894488,85.94793141894488,2311500,CEG
2023-06-07,89.5677261352539,89.63676824145506,87.91070806140101,88.32496822363314,2452100,CEG
2023-06-08,91.03733825683594,91.20303929306272,89.81429604893688,90.23841394642903,3075700,CEG
2023-06-09,92.01380157470705,92.48723100119486,90.83021295843736,91.03734679817896,2530100,CEG
2023-06-12,92.46749877929688,92.73380186477056,91.60939768161624,91.7277587890625,1720700,CEG
2023-06-13,92.9606704711914,94.02589799718564,92.30969558585316,92.67463673596932,2429900,CEG
2023-06-14,91.9250259399414,93.70040504555124,91.50090801610266,93.23683341658509,2573200,CEG
2023-06-15,92.18147277832033,92.4675065014344,91.688312743646,92.43791810335794,3712300,CEG
2023-06-16,91.61925506591795,93.22695379666304,91.47130557565984,92.30967598709104,4963400,CEG
2023-06-20,90.73158264160156,92.0828438689886,90.63295213796584,91.8559869381039,1846900,CEG
2023-06-21,89.261962890625,89.78964771972505,87.9649496406152,89.63676179375355,2684900,CEG
2023-06-22,88.02906036376953,89.44442716161055,86.66300505111764,89.26196036886434,3205600,CEG
2023-06-23,89.12387084960938,89.45921601896335,87.9008362245772,88.41371928506683,2875900,CEG
2023-06-26,89.39018249511719,89.95238461678366,88.46304677475257,89.01538358901445,1890400,CEG
2023-06-27,89.607177734375,89.76992145052603,88.74908408106508,89.7255388529462,1472800,CEG
2023-06-28,89.311279296875,89.65648979297892,88.48276658120115,89.65648979297892,1605400,CEG
2023-06-29,89.62689971923828,90.09540020696876,88.90688281939225,89.27182392274219,1738700,CEG
2023-06-30,90.29759216308594,91.02746680073548,89.7945668942216,90.79075212569148,2666400,CEG
2023-07-03,90.3469009399414,90.48498512333572,89.09427798342907,89.7649758134973,1089100,CEG
2023-07-05,90.87953186035156,91.93489404833166,90.10033809165223,90.16938019647245,2087300,CEG
2023-07-06,89.755126953125,90.21869859304074,88.62085736025084,90.21869859304074,2263300,CEG
2023-07-07,90.0806121826172,90.45541109348248,89.41977955358176,89.75512475935204,1334000,CEG
2023-07-10,92.3195571899414,92.34914558808325,90.129925427147,90.129925427147,1539300,CEG
2023-07-11,93.06915283203124,93.13819492882703,91.58967287924358,92.55626223438465,1260900,CEG
2023-07-12,94.7458953857422,94.84453340429768,92.79298602874158,93.64122181815374,1532600,CEG
2023-07-13,93.9666976928711,94.75575665756848,93.58203351696272,94.53876506602548,1462400,CEG
2023-07-14,93.70040130615234,94.2280861255198,93.40351651380584,93.591905502638,1259900,CEG
2023-07-17,94.86426544189452,95.59414019290648,93.17765901082674,93.17765901082674,1951400,CEG
2023-07-18,94.06533813476562,95.32782649084322,92.6055812699108,94.68671700610952,1925300,CEG
2023-07-19,93.43408966064452,94.2330063906418,92.64503071186472,93.53272014798604,1785300,CEG
2023-07-20,95.56454467773438,95.98866258086444,93.93711516455976,94.19356047285396,1600300,CEG
2023-07-21,95.27851104736328,96.80731006623613,94.9924773427021,96.2451079639778,5081100,CEG
2023-07-24,95.2292022705078,95.48564006127026,94.45000854082652,95.27851375718151,1077800,CEG
2023-07-25,96.18592834472656,96.81718010224154,94.58809467343428,94.63740616111409,854800,CEG
2023-07-26,96.00839233398438,96.89608190506084,95.34755969080382,95.34755969080382,1243000,CEG
2023-07-27,94.11465454101562,96.4127819945646,93.89766293252264,96.39305890516732,897900,CEG
2023-07-28,94.43028259277344,95.33770278770427,93.9568531671813,94.94317324969414,1135900,CEG
2023-07-31,95.32782745361328,95.3672811557672,94.09492748014446,94.528903153789,1170200,CEG
2023-08-01,94.98261260986328,95.76179873533844,94.75575571413869,94.92342829683466,1469600,CEG
2023-08-02,94.24288177490234,94.71138228364232,93.13820063348447,94.67685747061768,2040300,CEG
2023-08-03,99.75640869140624,102.1571098133369,94.45000956139464,94.65713586772146,3511000,CEG
2023-08-04,102.51810455322266,103.2726387611215,100.39751502039198,100.52573391306564,2723600,CEG
2023-08-07,102.33069610595705,103.21838557718222,101.36903564755649,103.14934348081049,1759800,CEG
2023-08-08,103.3761978149414,103.49455892512142,101.55150730189024,101.55150730189024,1207300,CEG
2023-08-09,103.6720962524414,104.4512899588298,102.88106568259823,103.1888015573484,1646700,CEG
2023-08-10,104.27376556396484,105.38830460416828,103.6721096814144,104.52034559697648,1563700,CEG
2023-08-11,105.38335418701172,105.53862583282842,103.83069054489609,104.27572613871531,1414100,CEG
2023-08-14,105.8185043334961,106.41187761512109,104.54571287237025,105.2844661164884,2404000,CEG
2023-08-15,105.06690216064452,105.40809389850016,104.45375299246452,105.21524737864496,1709600,CEG
2023-08-16,103.93948364257812,105.27457542521944,103.8405893522252,105.22513205261832,1835200,CEG
2023-08-17,103.6625747680664,104.97294106852918,103.41533527400546,104.31529065405957,1800600,CEG
2023-08-18,103.61312866210938,104.3746305644591,103.35600500885576,103.37578084943262,1660800,CEG
2023-08-21,104.9383316040039,105.28051172821782,103.1285366942071,103.4450029452248,1377000,CEG
2023-08-22,105.08667755126952,105.36852665338888,104.3449590628546,104.49330426956772,1276900,CEG
2023-08-23,107.24261474609376,108.0535600557959,105.7690617999907,105.7690617999907,1393500,CEG
2023-08-24,105.7393798828125,109.03261159488171,105.6602614377126,107.69751990070912,1498700,CEG
2023-08-25,104.70098876953124,106.25365256618224,104.4042983441224,105.64049587474103,1383800,CEG
2023-08-28,104.20650482177734,106.1646373922502,104.06805130851768,105.13117811643671,1088000,CEG
2023-08-29,104.37462615966795,104.99766697108268,103.64279936679426,104.06805160018384,1131500,CEG
2023-08-30,104.5724105834961,105.09458025569558,103.92958641272506,104.17682589801004,1167400,CEG
2023-08-31,103.0098648071289,104.91854642791591,102.62416426092145,104.78009291703135,2035500,CEG
2023-09-01,106.10530853271484,106.22398621322752,104.03838231507048,104.46363457213552,1338800,CEG
2023-09-05,104.87899780273438,105.55148953738885,103.98992251790816,105.37347679747587,1433200,CEG
2023-09-06,105.46247863769533,106.59978182646572,104.81965444011634,105.15590407760484,1337800,CEG
2023-09-07,107.34149932861328,109.72983373957784,105.99651588129804,106.66900760495568,1951100,CEG
2023-09-08,107.44039916992188,108.44914058011992,107.0349303033861,107.0349303033861,1428100,CEG
2023-09-11,108.76560974121094,109.17800506728952,107.45029372287888,107.5986389395214,1820700,CEG
2023-09-12,107.30194091796876,108.87933010458605,106.9558071337151,108.33045812343003,1557100,CEG
2023-09-13,108.06343841552734,108.87438368179144,107.3118357605563,107.57885110334718,1894600,CEG
2023-09-14,111.2182159423828,111.37645284429392,108.31562662245176,108.54803235641448,2308300,CEG
2023-09-15,108.71615600585938,111.43579057500472,108.58759417884502,111.21821860224894,4287700,CEG
2023-09-18,109.51720428466795,111.0105329429119,109.19085388649992,109.21062972617806,1358500,CEG
2023-09-19,109.31941986083984,110.15014097159508,109.08207204993133,109.86334224188649,1972100,CEG
2023-09-20,108.91394805908205,109.95235703659137,108.69638362455308,109.70511752243688,924500,CEG
2023-09-21,108.72604370117188,109.4183112752592,108.30079146418949,108.4194615939469,1443800,CEG
2023-09-22,109.1414031982422,109.51720451411882,107.41566880812398,108.25133950784956,1210500,CEG
2023-09-25,110.97097778320312,111.67313706733071,108.2859603983734,108.50847444236824,2115200,CEG
2023-09-26,107.2920379638672,110.4814256081854,106.7382239671911,110.4270401682938,2309700,CEG
2023-09-27,109.527099609375,110.06113784020224,107.7766472515114,107.7766472515114,2819500,CEG
2023-09-28,108.11287689208984,109.75455062117004,107.63323170890376,109.546862823272,1550700,CEG
2023-09-29,107.87554168701172,109.4875405292298,107.44039774757704,108.82494047247305,2867500,CEG
2023-10-02,103.57357788085938,107.10415774884945,101.62532935304746,107.10415774884945,2892500,CEG
2023-10-03,103.73180389404295,103.76147142678386,101.27424266332945,102.07035415419652,2557000,CEG
2023-10-04,104.98778533935548,105.422921730467,103.0741464706752,103.48456494780427,1973900,CEG
2023-10-05,106.68878173828124,107.30193838818217,105.43280845212908,105.7987256126563,1589200,CEG
2023-10-06,108.9534912109375,109.35896757599636,103.96914243559355,105.37346840310104,2095800,CEG
2023-10-09,110.15013122558594,110.2559519571707,108.7557044715816,108.95349303898,1258400,CEG
2023-10-10,111.7522430419922,112.23683030183317,109.73476801440016,109.73476801440016,1464400,CEG
2023-10-11,113.79940032958984,113.90620948705563,112.05883208232292,112.65221293706576,1353300,CEG
2023-10-12,114.44221496582033,114.8773588774494,113.1961258385236,113.6411614422762,1299700,CEG
2023-10-13,112.43463897705078,116.09378060919389,111.74236384046232,115.48062392452712,1699400,CEG
2023-10-16,115.53996276855467,115.82676148855582,113.34447484279823,113.50270419633124,1701700,CEG
2023-10-17,115.8564224243164,116.68714345965532,114.43232059784944,114.768570215832,1214600,CEG
2023-10-18,114.78834533691406,117.33490895984396,114.53121416537594,116.03443442728322,1050700,CEG
2023-10-19,113.02800750732422,115.32238970019334,112.8499947705865,114.71912473375724,981000,CEG
2023-10-20,110.86219024658205,113.52248967996512,110.68417750484728,112.84999793842834,1654400,CEG
2023-10-23,110.87207794189452,111.78191745789115,109.1799723142473,110.595170919213,950800,CEG
2023-10-24,113.00822448730467,114.02685753951651,112.00938236502844,112.00938236502844,1930900,CEG
2023-10-25,110.79296875,113.00823266167424,110.43694324962274,112.96868097954442,1575000,CEG
2023-10-26,111.47534942626952,111.78192399858403,109.9127939409648,110.7632984433382,1652700,CEG
2023-10-27,109.5567626953125,112.1082760684211,108.67955594989463,111.75225059565476,1128700,CEG
2023-10-30,111.78191375732422,111.97970987065614,110.2737514032005,110.6248347886458,1271600,CEG
2023-10-31,111.6731414794922,112.2566306539564,109.94246488758576,111.87093761708648,1942000,CEG
2023-11-01,113.58181762695312,114.10596412666918,111.58412591282112,112.33572851290626,2751300,CEG
2023-11-02,115.89598083496094,116.59814005138406,113.11700395443684,113.6411579889486,1894600,CEG
2023-11-03,115.77731323242188,117.359644529873,115.55974126430657,117.33986868965832,1853200,CEG
2023-11-06,123.35272216796876,124.23684775381813,116.7563672416653,117.6760983903304,2530800,CEG
2023-11-07,118.54639434814452,123.59403213511224,117.34975611220456,123.06593196039324,2271500,CEG
2023-11-08,119.84193420410156,120.1386246307334,117.65138824733717,119.09032398974496,1730200,CEG
2023-11-09,119.29800415039062,122.9818788392367,119.18921816374504,120.24740295144667,1603200,CEG
2023-11-10,120.42540740966795,121.36986407183616,120.0357607502364,120.1089411644308,1219700,CEG
2023-11-13,120.37596130371094,120.88626245236064,119.57490778915675,120.03971168163926,891600,CEG
2023-11-14,125.12297058105467,125.31087502712792,122.01764287255098,122.68025050785876,1433300,CEG
2023-11-15,120.64299011230467,125.83501986212822,120.34630722511972,125.18231147420042,1982200,CEG
2023-11-16,120.60531616210938,122.74641855793818,120.44672018610332,121.9236797171725,1474500,CEG
2023-11-17,120.6251449584961,122.4391256587985,120.5359285776694,121.13067672019314,1487900,CEG
2023-11-20,121.20997619628906,121.77498805539317,120.41698120880292,121.37848678033367,1041600,CEG
2023-11-21,121.43797302246094,122.10210834322442,120.78374475116568,121.8245597054506,984700,CEG
2023-11-22,122.17149353027344,122.75632707005023,120.90764898122676,121.82455773865728,1376700,CEG
2023-11-24,122.7761459350586,123.2122980720816,121.97323637611387,121.9930580356911,532500,CEG
2023-11-27,124.00530242919922,124.28285106013465,122.29044514693408,122.84554240880492,1073200,CEG
2023-11-28,123.3609848022461,125.3930490972547,122.67702785885136,123.8863533368461,2003000,CEG
2023-11-29,119.52484893798828,122.85544737293031,118.71202477009363,122.46886072982387,2078800,CEG
2023-11-30,119.98082733154295,120.7936515305884,119.46041988814552,119.5347605675026,2650000,CEG
2023-12-01,118.83097839355467,119.88170792706158,118.60299526078876,119.56450841344116,1454900,CEG
2023-12-04,117.87937927246094,118.50387124746965,117.01699711669906,117.95868104113391,1946900,CEG
2023-12-05,117.27471923828124,117.89921122775992,114.8709438754179,117.66626700353106,1805900,CEG
2023-12-06,111.64441680908205,118.62281346819763,111.23800848907209,118.29569935230955,2629800,CEG
2023-12-07,109.56278228759766,112.44732133771043,108.4922312445064,112.2688961638619,3497000,CEG
2023-12-08,110.23684692382812,110.63334820375457,108.69050025101124,109.02752142323732,2627300,CEG
2023-12-11,115.13362121582033,115.28231014079196,109.70157108693554,110.57387541336496,2582900,CEG
2023-12-12,113.4881362915039,115.38142618553172,112.85373731068354,115.14352845838216,1846200,CEG
2023-12-13,115.41117095947266,115.72837047325378,112.53654611185026,113.58726808325652,1731100,CEG
2023-12-14,114.58843231201172,116.77909263937664,114.36044917875016,115.6193326241775,2456400,CEG
2023-12-15,117.71086883544922,119.81232033215414,114.59834625609514,114.65781880135891,5714900,CEG
2023-12-18,118.3155288696289,120.47645286195382,117.86946966513209,118.52369033590294,2019800,CEG
2023-12-19,119.75283813476562,119.9907434369356,118.21144500829932,118.7219378465941,1012700,CEG
2023-12-20,115.98609161376952,119.0738313027512,115.97617700247152,118.78141455183662,1324300,CEG
2023-12-21,117.27471923828124,117.39367189404696,115.78784507305863,116.46189499713157,904600,CEG
2023-12-22,114.32080078125,116.94761333392644,113.02225886032126,113.99368664801072,1188400,CEG
2023-12-26,116.54119110107422,116.8088251102426,114.57851397085284,114.57851397085284,740700,CEG
2023-12-27,116.39249420166016,116.72952290552574,115.85721865737872,116.2537199008426,541300,CEG
2023-12-28,116.08522033691406,117.74060505550251,115.92661679943754,117.67121789851475,559700,CEG
2023-12-29,115.8671417236328,116.24381377296358,114.91554320745554,115.70854575225296,849900,CEG
